timestamp,open,high,low,close,volume,exchange,source
2024-09-25T00:00:00.000Z,0.04129,0.04131,0.04052,0.04085,17545.5141,"binance","binance"
2024-09-26T00:00:00.000Z,0.04086,0.04126,0.04032,0.04039,22775.9846,"binance","binance"
2024-09-27T00:00:00.000Z,0.04039,0.04119,0.0403,0.04097,23688.7644,"binance","binance"
2024-09-28T00:00:00.000Z,0.04097,0.04102,0.04048,0.04062,10200.324,"binance","binance"
2024-09-29T00:00:00.000Z,0.04062,0.04071,0.04025,0.04051,10208.237,"binance","binance"
2024-09-30T00:00:00.000Z,0.04051,0.04126,0.0403,0.04109,25212.4599,"binance","binance"
2024-10-01T00:00:00.000Z,0.04108,0.0415,0.03971,0.04025,36836.4896,"binance","binance"
2024-10-02T00:00:00.000Z,0.04026,0.04047,0.03891,0.03899,22577.0427,"binance","binance"
2024-10-03T00:00:00.000Z,0.03899,0.03913,0.03841,0.03867,23371.6602,"binance","binance"
2024-10-04T00:00:00.000Z,0.03867,0.03936,0.03859,0.03889,17071.458,"binance","binance"
2024-10-05T00:00:00.000Z,0.03889,0.03904,0.03869,0.0389,9164.4718,"binance","binance"
2024-10-06T00:00:00.000Z,0.03891,0.03917,0.03874,0.03884,9186.8313,"binance","binance"
2024-10-07T00:00:00.000Z,0.03884,0.03943,0.03851,0.03893,27888.6411,"binance","binance"
2024-10-08T00:00:00.000Z,0.03893,0.03941,0.03874,0.03927,15956.6963,"binance","binance"
2024-10-09T00:00:00.000Z,0.03927,0.03969,0.03894,0.0391,20999.9579,"binance","binance"
2024-10-10T00:00:00.000Z,0.0391,0.03987,0.03906,0.03955,25811.8884,"binance","binance"
2024-10-11T00:00:00.000Z,0.03955,0.03985,0.03881,0.03901,20875.3631,"binance","binance"
2024-10-12T00:00:00.000Z,0.03901,0.03933,0.03884,0.03919,14887.7371,"binance","binance"
2024-10-13T00:00:00.000Z,0.03918,0.03936,0.03909,0.03926,10669.6829,"binance","binance"
2024-10-14T00:00:00.000Z,0.03927,0.04006,0.03903,0.0398,35936.3622,"binance","binance"
2024-10-15T00:00:00.000Z,0.0398,0.04005,0.03853,0.03888,31413.4605,"binance","binance"
2024-10-16T00:00:00.000Z,0.03887,0.03906,0.0384,0.03862,23824.7034,"binance","binance"
2024-10-17T00:00:00.000Z,0.03862,0.03919,0.03861,0.03864,16931.3408,"binance","binance"
2024-10-18T00:00:00.000Z,0.03864,0.039,0.03844,0.03861,23896.0474,"binance","binance"
2024-10-19T00:00:00.000Z,0.0386,0.03885,0.03856,0.03873,9652.4528,"binance","binance"
2024-10-20T00:00:00.000Z,0.03873,0.03985,0.03867,0.03979,25893.6935,"binance","binance"
2024-10-21T00:00:00.000Z,0.0398,0.03987,0.03945,0.03958,18260.2037,"binance","binance"
2024-10-22T00:00:00.000Z,0.03958,0.0397,0.03888,0.03889,19393.3606,"binance","binance"
2024-10-23T00:00:00.000Z,0.03889,0.03907,0.0375,0.03786,29597.1768,"binance","binance"
2024-10-24T00:00:00.000Z,0.03786,0.03799,0.0371,0.03719,22562.844,"binance","binance"
2024-10-25T00:00:00.000Z,0.03718,0.03751,0.03623,0.0366,35191.1443,"binance","binance"
2024-10-26T00:00:00.000Z,0.03659,0.03722,0.03648,0.037,17391.0693,"binance","binance"
2024-10-27T00:00:00.000Z,0.037,0.03702,0.03668,0.03687,12028.0174,"binance","binance"
2024-10-28T00:00:00.000Z,0.03687,0.03708,0.0359,0.0367,26727.9991,"binance","binance"
2024-10-29T00:00:00.000Z,0.0367,0.03708,0.03608,0.03628,30402.4113,"binance","binance"
2024-10-30T00:00:00.000Z,0.03627,0.03779,0.0361,0.03675,40510.4177,"binance","binance"
2024-10-31T00:00:00.000Z,0.03675,0.03692,0.03567,0.03583,35197.5203,"binance","binance"
2024-11-01T00:00:00.000Z,0.03583,0.0364,0.03581,0.03614,23378.9872,"binance","binance"
2024-11-02T00:00:00.000Z,0.03614,0.03618,0.03557,0.03595,11407.629,"binance","binance"
2024-11-03T00:00:00.000Z,0.03596,0.03605,0.03556,0.03573,18481.947,"binance","binance"
2024-11-04T00:00:00.000Z,0.03574,0.03599,0.03524,0.03535,25526.2268,"binance","binance"
2024-11-05T00:00:00.000Z,0.03535,0.03555,0.03482,0.03492,29843.9446,"binance","binance"
2024-11-06T00:00:00.000Z,0.03492,0.03621,0.03465,0.03601,90714.345,"binance","binance"
2024-11-07T00:00:00.000Z,0.03601,0.03827,0.03591,0.03817,82580.4113,"binance","binance"
2024-11-08T00:00:00.000Z,0.03817,0.03884,0.0381,0.03871,46262.7083,"binance","binance"
2024-11-09T00:00:00.000Z,0.03872,0.04114,0.03866,0.04078,59251.2733,"binance","binance"
2024-11-10T00:00:00.000Z,0.04077,0.04091,0.03907,0.03962,92974.7931,"binance","binance"
2024-11-11T00:00:00.000Z,0.03961,0.03974,0.03751,0.03803,86342.6986,"binance","binance"
2024-11-12T00:00:00.000Z,0.03803,0.03863,0.03659,0.03688,97529.3238,"binance","binance"
2024-11-13T00:00:00.000Z,0.03689,0.03725,0.03497,0.03527,79301.2156,"binance","binance"
2024-11-14T00:00:00.000Z,0.03526,0.03598,0.03462,0.03504,52821.6168,"binance","binance"
2024-11-15T00:00:00.000Z,0.03503,0.03506,0.03358,0.03394,43704.2414,"binance","binance"
2024-11-16T00:00:00.000Z,0.03393,0.03531,0.03379,0.03459,47945.7822,"binance","binance"
2024-11-17T00:00:00.000Z,0.03459,0.03482,0.03394,0.03423,31690.3787,"binance","binance"
2024-11-18T00:00:00.000Z,0.03423,0.03562,0.03379,0.03546,41927.0693,"binance","binance"
2024-11-19T00:00:00.000Z,0.03547,0.03563,0.03328,0.03367,75082.9882,"binance","binance"
2024-11-20T00:00:00.000Z,0.03366,0.03387,0.03234,0.03255,42134.7681,"binance","binance"
2024-11-21T00:00:00.000Z,0.03256,0.03464,0.03187,0.03414,137459.2672,"binance","binance"
2024-11-22T00:00:00.000Z,0.03414,0.03465,0.03292,0.03364,68193.377,"binance","binance"
2024-11-23T00:00:00.000Z,0.03365,0.03546,0.0336,0.03476,83530.6108,"binance","binance"
2024-11-24T00:00:00.000Z,0.03476,0.03504,0.034,0.03432,30892.0939,"binance","binance"
2024-11-25T00:00:00.000Z,0.03432,0.03692,0.03403,0.03671,101846.2022,"binance","binance"
2024-11-26T00:00:00.000Z,0.03671,0.03673,0.03524,0.03616,49777.0519,"binance","binance"
2024-11-27T00:00:00.000Z,0.03616,0.0384,0.0359,0.03811,80368.6414,"binance","binance"
2024-11-28T00:00:00.000Z,0.03812,0.03817,0.03715,0.03742,43390.0808,"binance","binance"
2024-11-29T00:00:00.000Z,0.03741,0.0375,0.03661,0.03686,29565.4277,"binance","binance"
2024-11-30T00:00:00.000Z,0.03686,0.03871,0.03685,0.03841,45027.4974,"binance","binance"
2024-12-01T00:00:00.000Z,0.03842,0.03871,0.03772,0.03814,41926.4768,"binance","binance"
2024-12-02T00:00:00.000Z,0.03814,0.0386,0.0375,0.03802,59240.5149,"binance","binance"
2024-12-03T00:00:00.000Z,0.03802,0.03817,0.0372,0.0377,58876.6272,"binance","binance"
2024-12-04T00:00:00.000Z,0.0377,0.04013,0.0377,0.03893,105290.8122,"binance","binance"
2024-12-05T00:00:00.000Z,0.03893,0.04032,0.03701,0.03904,125494.923,"binance","binance"
2024-12-06T00:00:00.000Z,0.03905,0.04076,0.03902,0.04009,84462.7765,"binance","binance"
2024-12-07T00:00:00.000Z,0.04009,0.04034,0.03979,0.04003,21187.2676,"binance","binance"
2024-12-08T00:00:00.000Z,0.04003,0.04012,0.03954,0.0396,20415.9536,"binance","binance"
2024-12-09T00:00:00.000Z,0.0396,0.0399,0.03702,0.03815,72973.1302,"binance","binance"
2024-12-10T00:00:00.000Z,0.03816,0.03859,0.03699,0.03756,60905.286,"binance","binance"
2024-12-11T00:00:00.000Z,0.03756,0.03799,0.037,0.0379,28987.2422,"binance","binance"
2024-12-12T00:00:00.000Z,0.03789,0.03936,0.03778,0.03881,45493.1301,"binance","binance"
2024-12-13T00:00:00.000Z,0.03882,0.03954,0.03841,0.03852,31997.333,"binance","binance"
2024-12-14T00:00:00.000Z,0.03853,0.03872,0.03797,0.03817,20488.9074,"binance","binance"
2024-12-15T00:00:00.000Z,0.03817,0.0382,0.03746,0.0379,24542.5901,"binance","binance"
2024-12-16T00:00:00.000Z,0.03791,0.03832,0.03695,0.03759,45274.0023,"binance","binance"
2024-12-17T00:00:00.000Z,0.03759,0.03782,0.03641,0.03668,32227.0342,"binance","binance"
2024-12-18T00:00:00.000Z,0.03667,0.0373,0.03607,0.0362,41240.2558,"binance","binance"
2024-12-19T00:00:00.000Z,0.03619,0.03727,0.03473,0.03506,67093.974,"binance","binance"
2024-12-20T00:00:00.000Z,0.03505,0.03594,0.03337,0.03549,82283.503,"binance","binance"
2024-12-21T00:00:00.000Z,0.03549,0.03592,0.03407,0.03432,30856.699,"binance","binance"
2024-12-22T00:00:00.000Z,0.03432,0.03501,0.03412,0.03448,21270.5156,"binance","binance"
2024-12-23T00:00:00.000Z,0.03448,0.03672,0.03429,0.03608,33213.8392,"binance","binance"
2024-12-24T00:00:00.000Z,0.03607,0.03631,0.03523,0.0354,29779.6111,"binance","binance"
2024-12-25T00:00:00.000Z,0.03541,0.03578,0.03494,0.03517,14007.6601,"binance","binance"
2024-12-26T00:00:00.000Z,0.03517,0.0354,0.03462,0.03482,15529.9816,"binance","binance"
2024-12-27T00:00:00.000Z,0.03482,0.03557,0.03477,0.03535,19696.6852,"binance","binance"
2024-12-28T00:00:00.000Z,0.03535,0.03584,0.03525,0.03572,8443.3777,"binance","binance"
2024-12-29T00:00:00.000Z,0.03573,0.03595,0.03553,0.0358,12370.6144,"binance","binance"
2024-12-30T00:00:00.000Z,0.0358,0.03659,0.03579,0.03623,25253.9724,"binance","binance"
2024-12-31T00:00:00.000Z,0.03623,0.03628,0.03558,0.03567,18075.99,"binance","binance"
2025-01-01T00:00:00.000Z,0.03567,0.03579,0.03538,0.03553,9776.0291,"binance","binance"
2025-01-02T00:00:00.000Z,0.03553,0.03604,0.0354,0.03562,17944.9357,"binance","binance"
2025-01-03T00:00:00.000Z,0.03563,0.03681,0.03558,0.03676,22298.8303,"binance","binance"
2025-01-04T00:00:00.000Z,0.03676,0.03731,0.03656,0.03723,14863.5287,"binance","binance"
2025-01-05T00:00:00.000Z,0.03723,0.03735,0.0369,0.03696,9029.367,"binance","binance"
2025-01-06T00:00:00.000Z,0.03697,0.03719,0.03593,0.03606,18742.3137,"binance","binance"
2025-01-07T00:00:00.000Z,0.03607,0.03628,0.03481,0.03488,35860.8278,"binance","binance"
2025-01-08T00:00:00.000Z,0.03488,0.03537,0.03456,0.03499,26328.9714,"binance","binance"
2025-01-09T00:00:00.000Z,0.035,0.03563,0.03452,0.03479,24224.5524,"binance","binance"
2025-01-10T00:00:00.000Z,0.03479,0.03492,0.03441,0.03449,15275.3588,"binance","binance"
2025-01-11T00:00:00.000Z,0.03449,0.03499,0.03423,0.03471,8491.2045,"binance","binance"
2025-01-12T00:00:00.000Z,0.0347,0.03478,0.03436,0.03456,5646.8198,"binance","binance"
2025-01-13T00:00:00.000Z,0.03456,0.03483,0.03257,0.03318,45251.7455,"binance","binance"
2025-01-14T00:00:00.000Z,0.03319,0.03363,0.03304,0.03341,22623.17,"binance","binance"
2025-01-15T00:00:00.000Z,0.0334,0.03458,0.033,0.03433,27934.9163,"binance","binance"
2025-01-16T00:00:00.000Z,0.03434,0.03436,0.03289,0.03309,23490.9771,"binance","binance"
2025-01-17T00:00:00.000Z,0.03309,0.03368,0.03242,0.03337,27956.6568,"binance","binance"
2025-01-18T00:00:00.000Z,0.03338,0.03343,0.031291,0.03165,44836.3081,"binance","binance"
2025-01-19T00:00:00.000Z,0.03165,0.03284,0.02996,0.03173,113740.1985,"binance","binance"
2025-01-20T00:00:00.000Z,0.03173,0.03255,0.03083,0.03211,83796.8457,"binance","binance"
2025-01-21T00:00:00.000Z,0.03212,0.03214,0.03103,0.03135,33786.2072,"binance","binance"
2025-01-22T00:00:00.000Z,0.03134,0.03175,0.03106,0.03128,17337.5081,"binance","binance"
2025-01-23T00:00:00.000Z,0.03127,0.03216,0.03054,0.03213,42520.2177,"binance","binance"
2025-01-24T00:00:00.000Z,0.03213,0.03248,0.03154,0.03157,29468.6888,"binance","binance"
2025-01-25T00:00:00.000Z,0.03157,0.03197,0.03132,0.03168,11686.977,"binance","binance"
2025-01-26T00:00:00.000Z,0.03169,0.03192,0.03142,0.03151,12514.4587,"binance","binance"
2025-01-27T00:00:00.000Z,0.0315,0.03166,0.03063,0.03117,38616.7438,"binance","binance"
2025-01-28T00:00:00.000Z,0.03118,0.03137,0.03028,0.03037,25550.8249,"binance","binance"
2025-01-29T00:00:00.000Z,0.03037,0.03077,0.03,0.03002,25953.3263,"binance","binance"
2025-01-30T00:00:00.000Z,0.03002,0.03118,0.02993,0.03101,29806.0221,"binance","binance"
2025-01-31T00:00:00.000Z,0.03101,0.03269,0.03091,0.03222,47151.0776,"binance","binance"
2025-02-01T00:00:00.000Z,0.03222,0.03247,0.03093,0.03098,22760.2541,"binance","binance"
2025-02-02T00:00:00.000Z,0.03097,0.0313,0.0286,0.02938,53990.2226,"binance","binance"
2025-02-03T00:00:00.000Z,0.02938,0.02949,0.02337,0.02843,259270.6211,"binance","binance"
2025-02-04T00:00:00.000Z,0.02842,0.02862,0.027,0.02794,71989.8436,"binance","binance"
2025-02-05T00:00:00.000Z,0.02794,0.02892,0.02767,0.02887,55818.643,"binance","binance"
2025-02-06T00:00:00.000Z,0.02886,0.02911,0.02761,0.02783,46437.5659,"binance","binance"
2025-02-07T00:00:00.000Z,0.02782,0.02833,0.02679,0.02717,38130.7692,"binance","binance"
2025-02-08T00:00:00.000Z,0.02717,0.02755,0.02705,0.0273,33784.7444,"binance","binance"
2025-02-09T00:00:00.000Z,0.0273,0.02776,0.02659,0.02724,31776.986,"binance","binance"
2025-02-10T00:00:00.000Z,0.02724,0.02762,0.02679,0.02732,24586.7831,"binance","binance"
2025-02-11T00:00:00.000Z,0.02732,0.02781,0.02685,0.02717,24895.879,"binance","binance"
2025-02-12T00:00:00.000Z,0.02718,0.02855,0.02696,0.02798,35569.0847,"binance","binance"
2025-02-13T00:00:00.000Z,0.02798,0.02819,0.02737,0.0277,20644.9039,"binance","binance"
2025-02-14T00:00:00.000Z,0.0277,0.02833,0.02759,0.02795,14666.7951,"binance","binance"
2025-02-15T00:00:00.000Z,0.02796,0.028,0.02734,0.0276,11972.1306,"binance","binance"
2025-02-16T00:00:00.000Z,0.0276,0.02791,0.0275,0.02768,8225.8383,"binance","binance"
2025-02-17T00:00:00.000Z,0.02769,0.02941,0.02752,0.02865,39046.8014,"binance","binance"
2025-02-18T00:00:00.000Z,0.02865,0.0287,0.02765,0.02793,23894.0625,"binance","binance"
2025-02-19T00:00:00.000Z,0.02793,0.02846,0.02792,0.0281,13185.7632,"binance","binance"
2025-02-20T00:00:00.000Z,0.02811,0.02836,0.02775,0.02785,15651.9855,"binance","binance"
2025-02-21T00:00:00.000Z,0.02785,0.02865,0.02728,0.02769,56253.3767,"binance","binance"
2025-02-22T00:00:00.000Z,0.02769,0.02894,0.02762,0.02863,48149.8272,"binance","binance"
2025-02-23T00:00:00.000Z,0.02863,0.02968,0.02846,0.02929,46508.022,"binance","binance"
2025-02-24T00:00:00.000Z,0.02929,0.02944,0.02678,0.02747,64322.8471,"binance","binance"
2025-02-25T00:00:00.000Z,0.02747,0.02837,0.02605,0.02814,73507.5433,"binance","binance"
2025-02-26T00:00:00.000Z,0.02814,0.0282,0.02697,0.02773,59322.3806,"binance","binance"
2025-02-27T00:00:00.000Z,0.02774,0.02782,0.02678,0.02724,54134.3196,"binance","binance"
2025-02-28T00:00:00.000Z,0.02724,0.02733,0.0262,0.02652,85082.8225,"binance","binance"
2025-03-01T00:00:00.000Z,0.02653,0.02668,0.0254,0.02576,57335.7841,"binance","binance"
2025-03-02T00:00:00.000Z,0.02577,0.02739,0.02528,0.02672,146588.7928,"binance","binance"
2025-03-03T00:00:00.000Z,0.02671,0.02674,0.02449,0.02493,83794.0521,"binance","binance"
2025-03-04T00:00:00.000Z,0.02493,0.0254,0.02428,0.02488,64420.0898,"binance","binance"
2025-03-05T00:00:00.000Z,0.02488,0.02548,0.02438,0.02473,34854.8707,"binance","binance"
2025-03-06T00:00:00.000Z,0.02474,0.0252,0.0244,0.02449,24394.4468,"binance","binance"
2025-03-07T00:00:00.000Z,0.02449,0.02499,0.02435,0.02467,40875.5075,"binance","binance"
2025-03-08T00:00:00.000Z,0.02467,0.02601,0.02462,0.02556,22674.3359,"binance","binance"
2025-03-09T00:00:00.000Z,0.02556,0.02559,0.02424,0.02502,33420.3403,"binance","binance"
2025-03-10T00:00:00.000Z,0.02503,0.02596,0.02336,0.02373,82306.8871,"binance","binance"
2025-03-11T00:00:00.000Z,0.02374,0.02396,0.0229,0.02319,66289.3945,"binance","binance"
2025-03-12T00:00:00.000Z,0.02319,0.02363,0.02262,0.02281,54966.8201,"binance","binance"
2025-03-13T00:00:00.000Z,0.02281,0.02315,0.0224,0.02299,24266.7109,"binance","binance"
2025-03-14T00:00:00.000Z,0.02299,0.02315,0.02261,0.02276,16948.0754,"binance","binance"
2025-03-15T00:00:00.000Z,0.02276,0.02316,0.02259,0.02297,16140.7781,"binance","binance"
2025-03-16T00:00:00.000Z,0.02297,0.02304,0.02252,0.02286,32253.2162,"binance","binance"
2025-03-17T00:00:00.000Z,0.02285,0.02315,0.02272,0.02293,27260.8576,"binance","binance"
2025-03-18T00:00:00.000Z,0.02293,0.0234,0.02283,0.02336,14622.6107,"binance","binance"
2025-03-19T00:00:00.000Z,0.02336,0.02427,0.02321,0.02368,48644.1708,"binance","binance"
2025-03-20T00:00:00.000Z,0.02368,0.0237,0.02312,0.02356,22269.0445,"binance","binance"
2025-03-21T00:00:00.000Z,0.02355,0.02362,0.02315,0.02338,15251.7373,"binance","binance"
2025-03-22T00:00:00.000Z,0.02337,0.02381,0.02337,0.02363,11037.9767,"binance","binance"
2025-03-23T00:00:00.000Z,0.02362,0.02395,0.02323,0.02331,13491.3315,"binance","binance"
2025-03-24T00:00:00.000Z,0.02331,0.02406,0.02313,0.02379,23089.284,"binance","binance"
2025-03-25T00:00:00.000Z,0.02379,0.02395,0.02346,0.02364,15559.8552,"binance","binance"
2025-03-26T00:00:00.000Z,0.02364,0.02368,0.02297,0.02312,14468.1095,"binance","binance"
2025-03-27T00:00:00.000Z,0.02312,0.02328,0.02294,0.02296,11431.4274,"binance","binance"
2025-03-28T00:00:00.000Z,0.02296,0.0231,0.02192,0.02247,42301.6303,"binance","binance"
2025-03-29T00:00:00.000Z,0.02247,0.02267,0.02198,0.02212,19281.6334,"binance","binance"
2025-03-30T00:00:00.000Z,0.02212,0.02219,0.02168,0.02194,29323.0072,"binance","binance"
2025-03-31T00:00:00.000Z,0.02195,0.02224,0.02183,0.02207,21365.1409,"binance","binance"
2025-04-01T00:00:00.000Z,0.02208,0.02261,0.02202,0.02237,36777.9314,"binance","binance"
2025-04-02T00:00:00.000Z,0.02237,0.02238,0.0216,0.02175,43150.9387,"binance","binance"
2025-04-03T00:00:00.000Z,0.02175,0.02204,0.02136,0.02185,22040.1378,"binance","binance"
2025-04-04T00:00:00.000Z,0.02185,0.02188,0.02145,0.02166,17370.5604,"binance","binance"
2025-04-05T00:00:00.000Z,0.02166,0.02178,0.02131,0.02162,10676.8186,"binance","binance"
2025-04-06T00:00:00.000Z,0.02162,0.02172,0.0198,0.02016,51962.0376,"binance","binance"
2025-04-07T00:00:00.000Z,0.02015,0.0204,0.01894,0.01961,119629.3547,"binance","binance"
2025-04-08T00:00:00.000Z,0.01961,0.02002,0.01882,0.0193,28455.4924,"binance","binance"
2025-04-09T00:00:00.000Z,0.0193,0.02029,0.01855,0.02021,95682.6034,"binance","binance"
2025-04-10T00:00:00.000Z,0.0202,0.02021,0.01876,0.01913,45562.9836,"binance","binance"
2025-04-11T00:00:00.000Z,0.01913,0.01937,0.01864,0.01878,23766.5478,"binance","binance"
2025-04-12T00:00:00.000Z,0.01878,0.01965,0.01859,0.01928,27409.8581,"binance","binance"
2025-04-13T00:00:00.000Z,0.01928,0.01941,0.01876,0.01907,28073.0877,"binance","binance"
2025-04-14T00:00:00.000Z,0.01907,0.01992,0.01902,0.01919,31235.2626,"binance","binance"
2025-04-15T00:00:00.000Z,0.01919,0.01927,0.01887,0.019,28220.2945,"binance","binance"
2025-04-16T00:00:00.000Z,0.01899,0.01914,0.01844,0.01877,24317.8355,"binance","binance"
2025-04-17T00:00:00.000Z,0.01877,0.01901,0.0186,0.01864,17279.3486,"binance","binance"
2025-04-18T00:00:00.000Z,0.01865,0.01891,0.0186,0.01881,9673.2428,"binance","binance"
2025-04-19T00:00:00.000Z,0.01881,0.01915,0.01871,0.01896,11712.0534,"binance","binance"
2025-04-20T00:00:00.000Z,0.01897,0.01898,0.01859,0.01863,11407.0717,"binance","binance"
2025-04-21T00:00:00.000Z,0.01863,0.01893,0.018,0.01805,23018.647,"binance","binance"
2025-04-22T00:00:00.000Z,0.01805,0.01907,0.01766,0.01881,70027.8633,"binance","binance"
2025-04-23T00:00:00.000Z,0.0188,0.0195,0.01873,0.01917,43447.5014,"binance","binance"
2025-04-24T00:00:00.000Z,0.01916,0.01926,0.01876,0.01884,20192.2992,"binance","binance"
2025-04-25T00:00:00.000Z,0.01883,0.01915,0.01869,0.01886,29937.4597,"binance","binance"
2025-04-26T00:00:00.000Z,0.01885,0.01943,0.01885,0.01924,21410.8051,"binance","binance"
2025-04-27T00:00:00.000Z,0.01925,0.01951,0.01903,0.01911,16320.852,"binance","binance"
2025-04-28T00:00:00.000Z,0.01911,0.01916,0.01866,0.01894,22134.4168,"binance","binance"
2025-04-29T00:00:00.000Z,0.01894,0.01939,0.01889,0.01907,18000.6528,"binance","binance"
2025-04-30T00:00:00.000Z,0.01908,0.01917,0.01863,0.01905,18071.2075,"binance","binance"
2025-05-01T00:00:00.000Z,0.01904,0.01931,0.019,0.01905,23842.1745,"binance","binance"
2025-05-02T00:00:00.000Z,0.01906,0.01914,0.01881,0.01901,13982.5484,"binance","binance"
2025-05-03T00:00:00.000Z,0.01901,0.01918,0.01885,0.01913,8971.5145,"binance","binance"
2025-05-04T00:00:00.000Z,0.01913,0.01926,0.01909,0.01918,9968.5084,"binance","binance"
2025-05-05T00:00:00.000Z,0.01918,0.01936,0.01901,0.01921,16617.6406,"binance","binance"
2025-05-06T00:00:00.000Z,0.01921,0.01922,0.01867,0.01876,21138.2502,"binance","binance"
2025-05-07T00:00:00.000Z,0.01877,0.01905,0.01854,0.01867,15241.6903,"binance","binance"
2025-05-08T00:00:00.000Z,0.01866,0.02155,0.01861,0.02137,76279.665,"binance","binance"
2025-05-09T00:00:00.000Z,0.02138,0.024,0.02121,0.02278,132595.3133,"binance","binance"
2025-05-10T00:00:00.000Z,0.02277,0.02498,0.02254,0.02467,57469.3823,"binance","binance"
2025-05-11T00:00:00.000Z,0.02464,0.02484,0.02345,0.02415,56730.4889,"binance","binance"
2025-05-12T00:00:00.000Z,0.02415,0.02485,0.0239,0.02428,43806.3636,"binance","binance"
2025-05-13T00:00:00.000Z,0.02428,0.02608,0.02375,0.02574,44469.6509,"binance","binance"
2025-05-14T00:00:00.000Z,0.02573,0.02618,0.02481,0.02521,46684.0957,"binance","binance"
2025-05-15T00:00:00.000Z,0.02521,0.02548,0.02437,0.02456,35397.712,"binance","binance"
2025-05-16T00:00:00.000Z,0.02456,0.02549,0.02447,0.02452,23695.015,"binance","binance"
2025-05-17T00:00:00.000Z,0.02452,0.02453,0.02383,0.024,25764.4037,"binance","binance"
2025-05-18T00:00:00.000Z,0.024,0.02448,0.02247,0.02346,40123.5044,"binance","binance"
2025-05-19T00:00:00.000Z,0.02346,0.02413,0.02285,0.02394,41529.3194,"binance","binance"
2025-05-20T00:00:00.000Z,0.02394,0.02433,0.02318,0.02363,29003.7143,"binance","binance"
2025-05-21T00:00:00.000Z,0.02362,0.02423,0.02304,0.02327,42774.2715,"binance","binance"
2025-05-22T00:00:00.000Z,0.02327,0.02434,0.02322,0.02385,34989.9881,"binance","binance"
2025-05-23T00:00:00.000Z,0.02386,0.02455,0.02323,0.02355,45526.845,"binance","binance"
2025-05-24T00:00:00.000Z,0.02354,0.0237,0.02321,0.02348,9127.9101,"binance","binance"
2025-05-25T00:00:00.000Z,0.02348,0.02353,0.02303,0.02341,15828.4828,"binance","binance"
2025-05-26T00:00:00.000Z,0.02341,0.02358,0.02319,0.02343,10661.2738,"binance","binance"
2025-05-27T00:00:00.000Z,0.02343,0.02457,0.02327,0.02444,30053.2079,"binance","binance"
2025-05-28T00:00:00.000Z,0.02443,0.02491,0.02406,0.02489,21610.8044,"binance","binance"
2025-05-29T00:00:00.000Z,0.02488,0.02581,0.02449,0.02493,44136.5765,"binance","binance"
2025-05-30T00:00:00.000Z,0.02493,0.02504,0.02419,0.02434,34352.3447,"binance","binance"
2025-05-31T00:00:00.000Z,0.02433,0.02451,0.02394,0.02416,18951.1337,"binance","binance"
2025-06-01T00:00:00.000Z,0.02416,0.02421,0.02379,0.02403,11627.5861,"binance","binance"
2025-06-02T00:00:00.000Z,0.02403,0.0247,0.02364,0.02462,21666.4653,"binance","binance"
2025-06-03T00:00:00.000Z,0.02462,0.02494,0.02446,0.0246,34098.9982,"binance","binance"
2025-06-04T00:00:00.000Z,0.0246,0.02541,0.02457,0.0249,41243.7069,"binance","binance"
2025-06-05T00:00:00.000Z,0.0249,0.02507,0.02376,0.02378,50794.7154,"binance","binance"
2025-06-06T00:00:00.000Z,0.02378,0.02411,0.02358,0.02375,28330.3054,"binance","binance"
2025-06-07T00:00:00.000Z,0.02375,0.02401,0.02363,0.02391,12537.1659,"binance","binance"
2025-06-08T00:00:00.000Z,0.02392,0.02395,0.02365,0.02374,11339.5065,"binance","binance"
2025-06-09T00:00:00.000Z,0.02374,0.02444,0.02347,0.0243,28025.0441,"binance","binance"
2025-06-10T00:00:00.000Z,0.02431,0.02569,0.0243,0.02554,55526.9629,"binance","binance"
2025-06-11T00:00:00.000Z,0.02554,0.02623,0.02521,0.02551,56954.9174,"binance","binance"
2025-06-12T00:00:00.000Z,0.02551,0.02574,0.02475,0.02502,31104.7245,"binance","binance"
2025-06-13T00:00:00.000Z,0.02501,0.02503,0.02366,0.02431,49126.2862,"binance","binance"
2025-06-14T00:00:00.000Z,0.02432,0.02432,0.02384,0.024,10242.2385,"binance","binance"
2025-06-15T00:00:00.000Z,0.024,0.02421,0.0238,0.02413,9802.4473,"binance","binance"
2025-06-16T00:00:00.000Z,0.02413,0.02472,0.02369,0.02382,40927.0761,"binance","binance"
2025-06-17T00:00:00.000Z,0.02382,0.02433,0.0237,0.024,26764.2084,"binance","binance"
2025-06-18T00:00:00.000Z,0.024,0.02419,0.02375,0.02407,22459.0333,"binance","binance"
2025-06-19T00:00:00.000Z,0.02407,0.02423,0.02391,0.02409,14488.6743,"binance","binance"
2025-06-20T00:00:00.000Z,0.02409,0.02419,0.02313,0.02329,25821.8773,"binance","binance"
2025-06-21T00:00:00.000Z,0.02329,0.02356,0.02193,0.02248,34653.8887,"binance","binance"
2025-06-22T00:00:00.000Z,0.02248,0.02257,0.02139,0.02206,58917.3417,"binance","binance"
2025-06-23T00:00:00.000Z,0.02206,0.02307,0.02194,0.02289,45854.3842,"binance","binance"
2025-06-24T00:00:00.000Z,0.0229,0.02339,0.02271,0.02309,30618.8243,"binance","binance"
2025-06-25T00:00:00.000Z,0.02308,0.02316,0.02225,0.02253,19238.5736,"binance","binance"
2025-06-26T00:00:00.000Z,0.02253,0.02343,0.02241,0.02258,17412.716,"binance","binance"
2025-06-27T00:00:00.000Z,0.02258,0.023,0.02236,0.02263,10401.2528,"binance","binance"
2025-06-28T00:00:00.000Z,0.02264,0.02277,0.02252,0.02271,5520.5213,"binance","binance"
2025-06-29T00:00:00.000Z,0.0227,0.02332,0.0225,0.02307,10302.7027,"binance","binance"
2025-06-30T00:00:00.000Z,0.02308,0.02344,0.02277,0.0232,14545.2142,"binance","binance"
2025-07-01T00:00:00.000Z,0.0232,0.02326,0.02265,0.02276,11480.8205,"binance","binance"
2025-07-02T00:00:00.000Z,0.02275,0.02393,0.02259,0.02362,22972.0067,"binance","binance"
2025-07-03T00:00:00.000Z,0.02362,0.02395,0.0235,0.02364,17295.6249,"binance","binance"
2025-07-04T00:00:00.000Z,0.02364,0.0237,0.02305,0.02322,12900.7334,"binance","binance"
2025-07-05T00:00:00.000Z,0.02323,0.02337,0.02305,0.02326,4574.5434,"binance","binance"
2025-07-06T00:00:00.000Z,0.02325,0.02378,0.02322,0.02354,9311.9902,"binance","binance"
2025-07-07T00:00:00.000Z,0.02354,0.02373,0.02327,0.02348,10660.7298,"binance","binance"
2025-07-08T00:00:00.000Z,0.02348,0.02409,0.02343,0.02401,11446.9773,"binance","binance"
2025-07-09T00:00:00.000Z,0.02401,0.02499,0.0239,0.02489,33174.7699,"binance","binance"
2025-07-10T00:00:00.000Z,0.02489,0.02577,0.02459,0.02544,46696.5469,"binance","binance"
2025-07-11T00:00:00.000Z,0.02544,0.02562,0.02493,0.02516,39959.7778,"binance","binance"
2025-07-12T00:00:00.000Z,0.02516,0.02525,0.02482,0.02506,14640.6211,"binance","binance"
2025-07-13T00:00:00.000Z,0.02506,0.02531,0.02481,0.02495,13369.1907,"binance","binance"
2025-07-14T00:00:00.000Z,0.02496,0.0253,0.02469,0.02516,35873.944,"binance","binance"
2025-07-15T00:00:00.000Z,0.02515,0.0267,0.02495,0.02666,51815.078,"binance","binance"
2025-07-16T00:00:00.000Z,0.02665,0.02872,0.0264,0.02843,78751.5381,"binance","binance"
2025-07-17T00:00:00.000Z,0.02842,0.02947,0.02813,0.02917,58457.3807,"binance","binance"
2025-07-18T00:00:00.000Z,0.02917,0.03081,0.02905,0.03007,70242.6738,"binance","binance"
2025-07-19T00:00:00.000Z,0.03008,0.03053,0.02981,0.03049,12993.2589,"binance","binance"
2025-07-20T00:00:00.000Z,0.03048,0.03221,0.03041,0.03203,83421.1246,"binance","binance"
2025-07-21T00:00:00.000Z,0.03203,0.0325,0.03163,0.03205,70726.2217,"binance","binance"
2025-07-22T00:00:00.000Z,0.03206,0.03223,0.03069,0.03123,60270.0093,"binance","binance"
2025-07-23T00:00:00.000Z,0.03123,0.0316,0.03004,0.03055,49536.8705,"binance","binance"
2025-07-24T00:00:00.000Z,0.03055,0.03161,0.02995,0.03132,46416.2868,"binance","binance"
2025-07-25T00:00:00.000Z,0.03133,0.03222,0.03097,0.03167,51951.1897,"binance","binance"
2025-07-26T00:00:00.000Z,0.03167,0.03213,0.03146,0.03173,18430.7304,"binance","binance"
2025-07-27T00:00:00.000Z,0.03173,0.03249,0.03166,0.03243,27883.2295,"binance","binance"
2025-07-28T00:00:00.000Z,0.03243,0.03302,0.03196,0.03216,36469.9842,"binance","binance"
2025-07-29T00:00:00.000Z,0.03217,0.03268,0.03176,0.03217,27939.5999,"binance","binance"
2025-07-30T00:00:00.000Z,0.03217,0.03241,0.03176,0.03233,25230.6487,"binance","binance"
2025-07-31T00:00:00.000Z,0.03234,0.03269,0.03186,0.03194,21315.0889,"binance","binance"
2025-08-01T00:00:00.000Z,0.03194,0.03213,0.0304,0.03079,45673.2895,"binance","binance"
2025-08-02T00:00:00.000Z,0.03079,0.03102,0.03,0.03014,24373.4224,"binance","binance"
2025-08-03T00:00:00.000Z,0.03015,0.03077,0.02997,0.03063,14714.721,"binance","binance"
2025-08-04T00:00:00.000Z,0.03062,0.03241,0.03059,0.03233,24753.0898,"binance","binance"
2025-08-05T00:00:00.000Z,0.03233,0.03234,0.03129,0.03165,35346.5045,"binance","binance"
2025-08-06T00:00:00.000Z,0.03165,0.03205,0.03138,0.03203,15588.4416,"binance","binance"
2025-08-07T00:00:00.000Z,0.03203,0.03338,0.0319,0.03328,31126.2082,"binance","binance"
2025-08-08T00:00:00.000Z,0.03328,0.03495,0.03315,0.03436,46011.0509,"binance","binance"
2025-08-09T00:00:00.000Z,0.03437,0.03705,0.03434,0.03659,53853.2561,"binance","binance"
2025-08-10T00:00:00.000Z,0.03659,0.0371,0.03516,0.03563,45502.1829,"binance","binance"
2025-08-11T00:00:00.000Z,0.03562,0.03627,0.03467,0.03559,52669.6723,"binance","binance"
2025-08-12T00:00:00.000Z,0.03558,0.03855,0.03556,0.03821,89812.1542,"binance","binance"
2025-08-13T00:00:00.000Z,0.03821,0.03925,0.03812,0.03851,73963.6349,"binance","binance"
2025-08-14T00:00:00.000Z,0.03851,0.03946,0.0377,0.03844,87161.8881,"binance","binance"
2025-08-15T00:00:00.000Z,0.03844,0.03919,0.03739,0.03784,46564.1968,"binance","binance"
2025-08-16T00:00:00.000Z,0.03783,0.0381,0.03727,0.03767,23025.6362,"binance","binance"
2025-08-17T00:00:00.000Z,0.03767,0.03866,0.03746,0.0381,29616.7381,"binance","binance"
2025-08-18T00:00:00.000Z,0.03809,0.03814,0.03679,0.03711,36599.28,"binance","binance"
2025-08-19T00:00:00.000Z,0.03711,0.03744,0.03609,0.03611,29560.6249,"binance","binance"
2025-08-20T00:00:00.000Z,0.03611,0.03824,0.03607,0.03795,31687.6009,"binance","binance"
2025-08-21T00:00:00.000Z,0.03794,0.03802,0.03749,0.03756,17184.6809,"binance","binance"
2025-08-22T00:00:00.000Z,0.03755,0.0418,0.03753,0.04132,69178.1805,"binance","binance"
2025-08-23T00:00:00.000Z,0.04131,0.04161,0.04036,0.0414,34473.406,"binance","binance"
2025-08-24T00:00:00.000Z,0.0414,0.04327,0.04117,0.04211,54532.5725,"binance","binance"
2025-08-25T00:00:00.000Z,0.04212,0.0423,0.03958,0.03975,64232.7762,"binance","binance"
2025-08-26T00:00:00.000Z,0.03975,0.04145,0.03961,0.04116,38936.9081,"binance","binance"
2025-08-27T00:00:00.000Z,0.04116,0.04163,0.04035,0.04051,45960.9923,"binance","binance"
2025-08-28T00:00:00.000Z,0.04051,0.04088,0.0396,0.04008,34007.5244,"binance","binance"
2025-08-29T00:00:00.000Z,0.04008,0.04041,0.03928,0.04024,33107.5458,"binance","binance"
2025-08-30T00:00:00.000Z,0.04023,0.04069,0.03962,0.04019,16454.7244,"binance","binance"
2025-08-31T00:00:00.000Z,0.04019,0.0415,0.04018,0.04058,18411.5758,"binance","binance"
2025-09-01T00:00:00.000Z,0.04057,0.04097,0.03918,0.03949,26655.4253,"binance","binance"
2025-09-02T00:00:00.000Z,0.03949,0.03999,0.03851,0.0389,22933.932,"binance","binance"
2025-09-03T00:00:00.000Z,0.03889,0.03998,0.0386,0.03984,34897.4333,"binance","binance"
2025-09-04T00:00:00.000Z,0.03983,0.03998,0.03881,0.03881,19753.8233,"binance","binance"
2025-09-05T00:00:00.000Z,0.03881,0.03972,0.03858,0.03893,20862.9876,"binance","binance"
2025-09-06T00:00:00.000Z,0.03892,0.03906,0.03852,0.03878,6542.3725,"binance","binance"
2025-09-07T00:00:00.000Z,0.03879,0.03892,0.0385,0.03874,5981.2873,"binance","binance"
2025-09-08T00:00:00.000Z,0.03874,0.0389,0.03822,0.03844,17040.0254,"binance","binance"
2025-09-09T00:00:00.000Z,0.03842,0.03901,0.03841,0.03865,9255.9028,"binance","binance"
2025-09-10T00:00:00.000Z,0.03864,0.03927,0.038,0.03816,18945.93,"binance","binance"
2025-09-11T00:00:00.000Z,0.03816,0.03914,0.03807,0.03862,17380.4674,"binance","binance"
2025-09-12T00:00:00.000Z,0.03861,0.04081,0.03852,0.04062,27003.5898,"binance","binance"
2025-09-13T00:00:00.000Z,0.04062,0.0411,0.03998,0.04026,16071.5232,"binance","binance"
2025-09-14T00:00:00.000Z,0.04027,0.04044,0.0397,0.03994,19675.6509,"binance","binance"
2025-09-15T00:00:00.000Z,0.03994,0.04028,0.03893,0.03922,15989.8834,"binance","binance"
2025-09-16T00:00:00.000Z,0.03922,0.03934,0.0384,0.03854,16899.0851,"binance","binance"
2025-09-17T00:00:00.000Z,0.03854,0.03949,0.03821,0.03942,25505.8338,"binance","binance"
2025-09-18T00:00:00.000Z,0.03943,0.03972,0.03895,0.03919,14081.3653,"binance","binance"
2025-09-19T00:00:00.000Z,0.03918,0.03937,0.03842,0.03864,9011.37,"binance","binance"
2025-09-20T00:00:00.000Z,0.03864,0.03884,0.03851,0.03872,4130.8889,"binance","binance"
2025-09-21T00:00:00.000Z,0.03872,0.03893,0.03851,0.03858,4986.586,"binance","binance"
2025-09-22T00:00:00.000Z,0.03857,0.03863,0.0363,0.03727,48935.6574,"binance","binance"
2025-09-23T00:00:00.000Z,0.03728,0.03739,0.03691,0.03718,14171.6808,"binance","binance"
2025-09-24T00:00:00.000Z,0.03718,0.03733,0.03696,0.03712,1986.7098,"binance","binance"